Address,Finding count,First blocks,Last activity UTC,Latest event,Lifetime spent BTC,Spent after exposure BTC,Alternate activity address
15EmxXfWmD4UemererBjUVYjK4brjfGWPg,1,954422,2026-06-19T18:07:48Z,"spend −6,767 sats",0.00023901,0.00006767,
1A8TY7dxURcsRtPBs7fP6bDVzAgpgP4962,3,121481;122679,2026-04-25T04:23:36Z,"spend −1,000 sats",0.92003521,0.77003521,
1ETXiy1ZsdDPJraySncRWrAMPTqeuctzTo,1,942305,2026-03-26T11:31:25Z,spend −651 sats,0.00000000,0.00000000,bc1qjw0p3n7gny6pxaqn945n399k64j3a7setn6frj
1LXTbiSAKPwjDfADybhZWmTZY58DE3ukiE,1,939231,2026-03-04T06:48:04Z,"spend −67,776 sats",0.00000000,0.00000000,bc1q6ck3yuuq87clc9npl9l60uzsxmqztfqhvu6cwq
1CKHDLg52QxkzLEo9fn3Ghwhf7v24M2qYZ,2,938165;938251,2026-02-26T13:43:42Z,spend −623 sats,0.00003370,0.00001995,
1MUJAcc97vqZFz3QY8WJSvjwv3fu5bSX2K,1,938261,2026-02-25T15:12:46Z,"spend −1,000 sats",0.00072663,0.00031310,
1PiiuR5omBXSF9k8KKgMU1vbuZceLJZkJ5,1,938185,2026-02-25T05:08:56Z,spend −676 sats,0.00002032,0.00000676,
14BKXaYUeGuPpXc6gn7n3y5R6csZKbGuxY,1,934037,2026-01-28T01:10:03Z,"spend −9,700 sats",0.00019700,0.00000000,
12ekVy8duhBMLGd1JhxcgxrTN1fchmVcTo,1,175723,2026-01-23T20:24:26Z,"spend −20,517 sats",0.07523061,0.00023061,
1BMzWp77j7x3GKDYNbCP3df7YG3UEw1vVE,1,220772,2025-12-10T03:02:07Z,"spend −9,749 sats",6622.24696455,1930.26063167,
1PG8nYg3rfgRMthiJNstwxcyeV6bsfxbFP,1,895789,2025-09-09T22:55:59Z,"spend −2,000 sats",0.00015548,0.00015548,
1HyrRkc6GYWQGJ9rUCXQejBdCnU86Ym5xp,1,906733,2025-07-23T15:46:01Z,"spend −18,851 sats",0.00000000,0.00000000,bc1qhfpfp4khyx8g026elhn2hsax77m4ykvl57d7pr
1AprKFjgs5dHqaYyqstHbU8eo5bv9WwDZh,2,753011;753274,2025-06-24T02:54:08Z,"spend −10,000 sats",0.00000000,0.00000000,bc1qd0zaj83ac7lw9l4g6w740rpct5zawjmf9ng8lq
1EqGju23MMwRncpSgxqq9gNY7xHCdupoLt,1,894309,2025-04-28T13:57:04Z,"spend −5,200 sats",0.00018600,0.00005200,
1Ch7v7Tduajy2HcF6MwGtSeZ6RqcemVfap,1,894309,2025-04-28T13:21:29Z,"spend −5,200 sats",0.00018600,0.00011400,
1Bz4ELHE7vUvHnEHq6ne2Roni7JMwWX8rD,1,882387,2025-02-05T09:59:58Z,"spend −338,855 sats",0.00937392,0.00000000,
12S88cuMiUA7JdGsHTbKsXezUFzE2nNjFt,1,364773,2024-12-04T07:02:47Z,"spend −18,914 sats",0.28162914,0.08046914,
1vdbVPC6Ts9d5WhRDriPdndvvCwmCbKCj,1,296190,2024-04-14T19:42:57Z,"spend −10,007 sats",0.06659935,0.02547355,
1ECDSAetH4qrhyq8VCrhL2fngDBGVgEUm5,1,827056,2024-01-25T14:37:46Z,"spend −20,145 sats",0.00056197,0.00020145,
1LKumxgbfSycQVaAwagpyZRSy71wXC2zhF,1,296249,2024-01-22T15:35:04Z,"spend −24,628 sats",2.05070383,1.86601189,
1BFhrfTTZP3Nw4BNy4eX4KFLsn9ZeijcMm,6,168047;194229;211302;211310,2023-08-20T18:04:39Z,spend −650 sats,0.16388140,0.16088140,
1JNC3iaxA95NbWrSro5me2BM27wohuucKD,1,175546,2023-08-19T17:32:19Z,"spend −3,830 sats",0.06003830,0.00003830,
184NQjUzuA7iS8s2pbdBfXbAHJAE2Hf2QK,1,784403,2023-04-07T22:16:54Z,"spend −34,938 sats",0.00042898,0.00000000,
12RrvkBRd28dQEL1Xtw5qUYARncvvxZr72,1,752976,2023-03-29T10:50:36Z,"spend −1,402 sats",0.00000000,0.00000000,bc1qp74uj9as4dw8pcd4gtvrzujuml9d8gsn7dgsrg
1F6rj6kQTTqmWb4m8w25GyhjbcHp1EAZQx,1,749958,2023-03-29T10:50:36Z,spend −561 sats,0.00000000,0.00000000,bc1qn2k4nrjcetrtt784vdaj5gy5963d87qsph0624
1HsrU5sHNWBn8oqPUARrcTWzZN9M5v1k1J,1,750289,2023-03-29T10:50:36Z,"spend −3,356 sats",0.00000000,0.00000000,bc1qhysp4qa3xlrv9q50ee3mr95rgmudtkmlcqyu5h
1K61ZjpU7HJYdYhvDMF7Gmc9r9PDFwufC5,2,750124;750255,2023-03-29T10:50:36Z,spend −817 sats,0.00000000,0.00000000,bc1qcejdp2jxh2gdztnew2dzmfl84hamd2r4uktz6l
13S8sxXF8gik8tSQGN4C2w5dp81oWriykm,1,751967,2023-02-24T07:24:53Z,"spend −32,647 sats",0.00000000,0.00000000,bc1qr2cn5v2y7e49y9zr6sk9y2gsyjpeg5n55wfgun
16ME8Y2VicV3RjU2KGQtmao2NfxfzsEp3T,2,751785;752355,2023-02-16T06:40:04Z,"spend −5,000 sats",0.00000000,0.00000000,bc1q82473yrvqfw9kxn9vhfrnt0u0zjj4a7u50dl26
1PVHbRqh1eYsGCVZ7t18UCQ6oPzXFR3HQz,1,297092,2022-11-25T12:15:00Z,"spend −2,000 sats",1.15111341,0.84954141,
1K3iZPSqMCxtMd5o5hw4gfpFq3i9zqL61o,1,296168,2022-11-25T00:25:27Z,"spend −1,500 sats",1.03394115,1.01283255,
1JX7Z9Si6tUQgFa4PLNTtJ8bC9WrfMDvLb,1,296356,2022-11-22T14:12:23Z,"spend −3,000 sats",0.10047778,0.04223678,
19Ey6feEfARgzcNRmUxBZNQFYSmwgsU9Wc,1,296229,2022-11-22T07:18:32Z,"spend −8,000 sats",0.40835902,0.21939850,
1DxzwX4qC9PsWDSAzuWbJRzEwdGx3n9CJB,1,296716,2022-11-21T21:59:46Z,spend −629 sats,0.12662471,0.10369891,
1DkCk3S98BCwPP8wdmxqQKcQoH4WJthvMR,1,296708,2022-11-17T09:40:22Z,"spend −5,000 sats",0.01858615,0.01177215,
17iJ6f3nz22EmJqdmzaNpy57BirP5gDNha,1,751954,2022-08-31T04:08:00Z,"spend −2,279 sats",0.00000000,0.00000000,bc1qfxspfkplamd82kpw2lc2rt9frudhra9pflmtqn
1JSD2rJC6nsvccXqmPN4NJTbsk3gXeXEqT,1,734163,2022-04-29T23:44:14Z,"spend −8,000 sats",0.00000000,0.00000000,bc1qhulffsjgzexlpkcgdd82h2qvd7lm4fpaztl6ry
1NLbWbTczixoA3sCgQg5NLpsExqRPJiA3H,1,296865,2022-03-07T07:28:26Z,"spend −1,500 sats",4.37406238,3.40241618,
1L2Bcohuf1qyHykTdP8rD74K6HQSsTaTE,1,297065,2022-03-06T04:40:14Z,"spend −2,000 sats",0.13068508,0.09669750,
14qF25Rg3hJaYFHwE6ST2rr1cnBS3DPYNe,1,297156,2022-03-05T17:48:20Z,spend −546 sats,0.04462126,0.02139920,
1HSUdtBoNbexP3ordhnSZ2jfHCGVvAbGt,1,296864,2022-03-03T23:10:12Z,spend −546 sats,0.19772183,0.09750123,
1CksAcSBH3KLxXsXTd7esnDNZXqqWBMNoz,1,572164,2022-01-12T03:28:25Z,"spend −1,500 sats",0.00084388,0.00084388,
16J2kqNG3ciRu8KwSLxk5DrPGynPnjqKWW,3,714538,2022-01-06T04:52:26Z,"spend −3,908,530 sats",95.59188659,0.00000000,
1Es37FWCT3xDCrQM2NEJLajRPYNbk7jUaH,1,297170,2021-07-09T22:51:43Z,spend −554 sats,0.09141948,0.03727108,
1KonZ9DA1eW4rW6eKzjhw2yTjjvXEDTKia,1,296149,2021-05-14T04:15:13Z,"spend −37,300 sats",0.00137300,0.00137300,
1HQ9JGeF1X3HWWJYF3cyYFBuQWpmb1hJkN,1,674540,2021-04-04T04:50:59Z,"spend −15,000 sats",0.00060500,0.00038000,
17vnmAiZaZNSQz55XabA9dykxxmpGFsGw3,1,675216,2021-03-21T11:17:54Z,"spend −10,000 sats",0.00050000,0.00010000,
1LQXkJGKtGyqxesmg83YZVh6r6a4h1CDRs,1,648462,2021-01-20T23:15:40Z,"spend −1,714,878 sats",0.14116767,0.00000000,
1Myrv75m9WW5J9oowohu5Lt17DHSM1miLL,1,666583,2021-01-20T01:05:48Z,"spend −19,200 sats",0.00166856,0.00043400,
1Mn3WRjC6T3g7XJhbzan4drpxbhQbYLJgt,1,659132,2020-11-29T10:04:16Z,"spend −4,100,628 sats",0.70513798,0.00000000,
1CCCCCMAuhXM5fqqnYcDQwRa29kq8gS97,1,648324,2020-09-24T09:34:46Z,"spend −30,000 sats",0.00300362,0.00030000,
16io8zfbhStqe9WVdHN3JLzc29D73okaoy,1,244992,2020-09-14T22:31:11Z,"spend −35,000 sats",446.78306584,9.94581387,
1PNa9dZ3P3fVhx1uMCqJ4sEYmyhxnQNy3M,1,296580,2020-09-13T04:17:05Z,"spend −1,000 sats",77.72444879,50.49824213,
12cZpPjBkC3m3zbPrS242nbh3FWfyzGecF,1,645159,2020-08-26T07:31:10Z,"spend −40,000 sats",0.00386200,0.00180000,
1K8WoT7s2D9dmkSJqKECzu2jBDnHbzUiL5,1,640615,2020-07-25T01:52:47Z,"spend −40,000 sats",0.00120000,0.00040000,
199HkrTBd5UEeZ4qV9qWCCfDMXZo4Tg1gy,1,630272,2020-05-13T19:45:15Z,"spend −668,474 sats",0.02052969,0.00000000,
13ZfTbQS3SKme2McxSWxceAzdKWUjS7Mdd,1,618226,2020-03-29T14:36:20Z,spend −550 sats,0.66358380,0.14323600,
16JX75L1EjeXPtxjTPxpBSxSJkiG1i5g2i,1,623462,2020-03-29T13:41:01Z,"spend −31,002,420 sats",0.82002420,0.00000000,
1CUSKYar1yGBAg3MHWhC3sYhTfBQqc2sTN,1,619109,2020-02-27T03:02:28Z,"spend −1,000 sats",0.00277490,0.00177490,
19jY65TFM1Rfhew7iWhLh5Eo3XQRHzyw7Q,1,618220,2020-02-20T20:24:00Z,"spend −42,327 sats",0.00000000,0.00000000,3QJ15TGukNknKB63XRaGchXhmNr5wr8am6
1K3J1aPdcFmYboYTgrRPmx4EFhdMaquFXX,1,575187,2019-05-08T22:57:53Z,"spend −7,500 sats",0.00862500,0.00000000,
1D1jAubLTtS7PAosNkhnFa8UUY7eLCkPme,1,572334,2019-04-19T17:30:03Z,"spend −60,000 sats",0.00060000,0.00000000,
1BaBxhvMqSSgJxyxS9ScMerjgJrTg55jyC,1,527646,2019-03-01T22:56:13Z,spend −546 sats,0.00096260,0.00001092,
1BTrViTDXhWrdw5ErBWSyP5LdzYmeuDTr2,8,401685;401687;401704;401719;403266,2018-11-18T20:39:10Z,"spend −21,364 sats",177.16464333,160.27048707,
1roBmF5DvC1wNRwAYWC4UtBmDnnDqyxjE,1,539696,2018-09-03T08:51:19Z,"spend −99,776 sats",0.00341607,0.00000000,
1M8qDbYTeo1AxRinLJP6vxFkU92tGSHoxy,1,514846,2018-03-23T20:11:21Z,"spend −98,080 sats",0.00398080,0.00098080,
1Gdbpa3jjDNFEp4w2rkMDcHWAinxXSCFdS,1,457622,2017-07-18T05:41:26Z,"spend −2,408 sats",0.00544995,0.00002829,
1Lx9t9GBBahyAkBJmGi8h7vqgmtcufexwP,2,320379;320380,2017-07-18T05:41:26Z,"spend −2,371 sats",0.00129589,0.00022792,
1LKu5b7jUoM7MJzeuTCmvDWsJrBgBhcvhb,1,178756,2017-07-18T03:55:27Z,"spend −2,167 sats",0.03752588,0.00002588,
1EUDdSvFGmZCa5zUXSXFSQD7r2qBZaSWJU,1,179237,2017-07-17T06:11:51Z,"spend −2,192 sats",0.04502613,0.00002613,
13fZF8aZcSjpxhukHkyVtHsLnPnVszQaLm,1,185024,2017-07-15T23:37:50Z,"spend −2,208 sats",0.03002629,0.00002629,
16SchApeKZEc86CVJCc1vLQ17TEJCRJNef,1,178988,2017-07-15T23:37:50Z,"spend −2,183 sats",0.05252604,0.00002604,
18pqzCLA17hdnzxFnf5Cad2feA1RHKtW2P,1,178804,2017-07-15T23:37:50Z,"spend −2,171 sats",0.06002592,0.00002592,
18yDksipyvWEX14KTd4DHvj6ZDcXvNqtpB,1,182970,2017-07-15T23:37:50Z,"spend −2,202 sats",0.03002623,0.00002623,
19yCy4mFWJVsdJbgtG79VwHGxQpcx4uhcr,1,175929,2017-07-15T23:37:50Z,"spend −2,157 sats",0.07502578,0.00002578,
1BDMV3Yb6Pp2ycB94UsruXgPWAWBJhBuKL,1,296386,2017-07-15T23:37:50Z,"spend −2,281 sats",0.01948180,0.00406240,
1CRcBxVoXCqL7cEiq7b7rTYQyMhUrCu5Mf,1,175921,2017-07-15T23:37:50Z,"spend −2,151 sats",0.07502572,0.00002572,
1CqEdApNprZzgqUsuyLocXKH5yMdFTnTJQ,1,179273,2017-07-15T23:37:50Z,"spend −2,189 sats",0.04502610,0.00002610,
1CxZGXpNLDmr7eDmgMiGc1n1gAyE6LKBig,1,179342,2017-07-15T23:37:50Z,"spend −2,196 sats",0.04502617,0.00002617,
1DqXkT8KR25q56sAerfSg875KaJ6o3f3mi,1,297164,2017-07-15T23:37:50Z,"spend −2,351 sats",0.02961052,0.00002772,
1HWYEGYNgVc7bc28RCAa8mCJPv9eEnHieR,1,179231,2017-07-15T23:37:50Z,"spend −2,190 sats",0.04502611,0.00002611,
1KSFgqcm6mc4Aaq6EsR6Awfr65S6RmVeHh,2,246370,2017-07-15T23:37:50Z,"spend −2,220 sats",3.80550200,0.02517522,
1YWwSaXTESKgDpitb6Rp8bteXzUR6hjDg,1,182953,2017-07-15T23:37:50Z,"spend −2,200 sats",0.03002621,0.00002621,
12kUokepMws2Ktq5ynGYmNtn47J8uuf9bP,1,320397,2017-07-15T23:03:39Z,"spend −2,376 sats",0.00068897,0.00002797,
13GSuGxtMZyE6SDA8XJyuWsHYpXZyNQTAn,1,297148,2017-07-15T23:03:39Z,"spend −2,343 sats",0.00124484,0.00062764,
13LRBbvgCSXsUs4JNmYhzHRo3re8vYVDid,1,178410,2017-07-15T23:03:39Z,"spend −2,161 sats",0.07502582,0.00002582,
13x6i5itrvR8Rf75xP8PZaPtNTNxZLReLe,1,178899,2017-07-15T23:03:39Z,"spend −2,178 sats",0.03002599,0.00002599,
15GieELLKTruUdzmTDVYP1TsjnzNRDg8Qa,1,178815,2017-07-15T23:03:39Z,"spend −2,174 sats",0.06002595,0.00002595,
17AHXAodFQ33A4DqFENVHCG59qiaRNbhcq,1,252867,2017-07-15T23:03:39Z,"spend −2,225 sats",6.15736509,1.89896928,
185YGf4EoVfgqFBSAAUf1wDte9KVwmdHMy,1,297164,2017-07-15T23:03:39Z,"spend −2,350 sats",1.04945997,0.00002771,
19UyTaFsvbXdqfmigR1iaCCfFBP9Uw3vDo,1,297500,2017-07-15T23:03:39Z,"spend −2,365 sats",0.00182786,0.00002786,
19cRkXQfonjdJT9K8TMuDxV1PKLSdHZtPh,1,175908,2017-07-15T23:03:39Z,"spend −2,144 sats",0.07502565,0.00002565,
19usDGaGtwHfMoJKAJEJd3KcfZFWj5zocV,1,296470,2017-07-15T23:03:39Z,"spend −2,292 sats",1.44654111,0.30335365,
1AFZ8j6Mm6EphAFJbHyzCxKpKm9si8Vt3v,1,296260,2017-07-15T23:03:39Z,"spend −2,269 sats",0.07596670,0.00032690,
1ALsXt19tBxMr29WfM2Zd7EU8HwzooLGHx,1,178889,2017-07-15T23:03:39Z,"spend −2,177 sats",0.06902598,0.00002598,
1BRwmguCycCWSbueTcpn1vSJddMJXEhyjH,1,175686,2017-07-15T23:03:39Z,"spend −2,117 sats",0.07502538,0.00002538,
1EPXZfTX6TD3L7TQdRu2nqMT8mrAAPSTST,1,240194,2017-07-15T23:03:39Z,"spend −2,216 sats",69.95964018,8.63988462,
1Ey8HsMv6aLcqm4pmadgGb5C1BVz3Jw42Y,1,299904,2017-07-15T23:03:39Z,"spend −2,366 sats",0.00212787,0.00012787,
1F48AGnDGLBbDr5Uk7DfUhrhe8U14eHKaH,1,179237,2017-07-15T23:03:39Z,"spend −2,191 sats",0.04502612,0.00002612,
1FwbYs6UL2fzB9crvhWNCZyr9oqNjEXzcu,1,175873,2017-07-15T23:03:39Z,"spend −2,140 sats",0.07502561,0.00002561,
1GxtySMyg9CuHHGQFQdhwN2ViUXhqE7JVH,1,322367,2017-07-15T23:03:39Z,"spend −2,386 sats",0.00020985,0.00002807,
1HDGRnafT7ogCaMuHx9csBGvGeYc441tQ4,1,296899,2017-07-15T23:03:39Z,"spend −2,337 sats",0.17139763,0.14811703,
1HpwP88AmfhBM2osqc2B8Ds6wYZ4Yu1n4q,1,328878,2017-07-15T23:03:39Z,"spend −2,391 sats",2.42600591,2.19592922,
1HrSbERHhRnkYpiB45Ex9FodkYeX7KcHHu,1,321201,2017-07-15T23:03:39Z,"spend −2,381 sats",0.00192813,0.00002802,
1JFMHv7ijwXDQYQrehhSxn6u9bTfkGCmK,1,175926,2017-07-15T23:03:39Z,"spend −2,155 sats",0.07502576,0.00002576,
1JmY6KZxoMjMaFKLVSMAr7BdsAAWASMR7d,1,296400,2017-07-15T23:03:39Z,"spend −2,360 sats",0.01410201,0.00430201,
1Le1C3fbY7UFgChXofb2VTzpTVyZCHTGrv,1,320372,2017-07-15T23:03:39Z,"spend −2,369 sats",0.00062790,0.00012790,
1M7C26Mg1g5U7HPmdx659rpxGMG7DLsWJT,1,333329,2017-07-15T23:03:39Z,"spend −2,399 sats",1.52283332,0.00002820,
1MoScitmVi9GkGZZPv6U1xdvHurQAcU7ic,1,329344,2017-07-15T23:03:39Z,"spend −2,392 sats",0.90230465,0.00002813,
1NEb41nDgxWwVzhHSsk4obURJ13KauJRsF,1,175910,2017-07-15T23:03:39Z,"spend −2,145 sats",0.07502566,0.00002566,
12WhvZTWMv9XLfyM2g7XFSUgpwzuQUX5Mq,1,179325,2017-07-15T21:40:08Z,"spend −2,194 sats",0.04502615,0.00002615,
12c1XuVdjQwyftTbqnWMT94CYW6vKFknwm,1,179253,2017-07-15T21:40:08Z,"spend −2,188 sats",0.04502609,0.00002609,
14reTqqg8r4qriHozsYoydugzLjYtpVoMZ,1,175796,2017-07-15T21:40:08Z,"spend −2,138 sats",0.07502559,0.00002559,
16y2wAieZE9VknMK29J7EAhC8fmRtdLy8p,1,242770,2017-07-15T21:40:08Z,"spend −2,217 sats",14.53301010,7.03487992,
17HHdLh4oXncuTejALwC6fgArVqPUxh2Sr,1,250480,2017-07-15T21:40:08Z,"spend −2,223 sats",86.56671040,9.92356649,
18mmzMizs5CHtLJwchtPMuiYqVqWjw3rLe,1,175908,2017-07-15T21:40:08Z,"spend −2,143 sats",0.07502564,0.00002564,
1ARyCz7USTcW36VPiuzWJDGYoQVCwPDZN4,1,329784,2017-07-15T21:40:08Z,"spend −2,395 sats",0.01382816,0.01172816,
1AnFEpvs8a41T3ZpfPtXBENvkL5oatQ64D,1,175764,2017-07-15T21:40:08Z,"spend −2,131 sats",0.07502552,0.00002552,
1BvQyALiTSgKwVYzDL3ANoqmdWaoyRZazS,1,181161,2017-07-15T21:40:08Z,"spend −2,198 sats",0.03002619,0.00002619,
1Df8hDiS6RSeu9WDUqUtBpBmBoepzo24pD,1,175653,2017-07-15T21:40:08Z,"spend −2,109 sats",0.07502530,0.00002530,
1L8DFt7yYA3iZsr6RA3d1mpf4J7TgBsYF,1,175679,2017-07-15T21:40:08Z,"spend −2,114 sats",0.07502535,0.00002535,
1LspNcTjkzFQRrsr4iGGxD5RSKehB5fHnA,1,182970,2017-07-15T21:40:08Z,"spend −2,201 sats",0.03002622,0.00002622,
1NkYPP3Eix9shAvU47xJtnL4Ggd2ScAbcD,1,296558,2017-07-15T21:40:08Z,"spend −2,302 sats",0.14492723,0.04931003,
1PUv3XNWWCDmEK6o9VerPK81qVfo4Wtvv2,1,178934,2017-07-15T21:40:08Z,"spend −2,179 sats",0.06002600,0.00002600,
1szVke6ThJtfdUTi6Y5AAMDMePM4Ha8vK,1,175766,2017-07-15T21:40:08Z,"spend −2,133 sats",0.07502554,0.00002554,
112KZ24UgNndZqdnu2cXwXStSjtY78ZRUh,1,296068,2017-07-15T20:54:48Z,spend −421 sats,0.02316911,0.00740031,
121Zna8Dy9W2qDvsJEH2ALeHQkteXaeGng,1,179052,2017-07-15T20:54:48Z,spend −421 sats,0.03534458,0.00009458,
12CkZeZvwDwiTvFm5H8bABpEqQHXJ6gWc1,1,178767,2017-07-15T20:54:48Z,spend −421 sats,0.06002589,0.00002589,
12E9ftjq2vUXJFVZmRvuTbE6BRDoFvdoNJ,1,324034,2017-07-15T20:54:48Z,spend −421 sats,0.23022242,0.00002810,
12JDjmk2fGMPRK9GaT98vBFDc3MDHoPV9r,2,248024,2017-07-15T20:54:48Z,spend −421 sats,29.86015017,3.68688642,
12RFNoJK2MSiWfXt3fFG7F4urUpLGnTBxh,1,175744,2017-07-15T20:54:48Z,spend −421 sats,0.07502547,0.00002547,
12RqykuRC9esWxtJL3T9WiwsPb8gdPpdDR,1,253290,2017-07-15T20:54:48Z,spend −421 sats,0.00332650,0.00102650,
12ZXAga2nRxBECsMDjFypWuL9UkKEaS4Z3,1,296364,2017-07-15T20:54:48Z,spend −421 sats,0.02061839,0.00040979,
12a7gpjZDQBDhVSknfQzL3ygcASNQcocnd,1,175925,2017-07-15T20:54:48Z,spend −421 sats,0.07502575,0.00002575,
12sisxXmNPmFTpekBKEqZCELYXESPYUHCB,1,296045,2017-07-15T20:54:48Z,spend −421 sats,0.40279805,0.20278085,
138VcLyoAb5sdjo3cDw7d14fUGLKRwQ9VK,1,175744,2017-07-15T20:54:48Z,spend −421 sats,0.07502546,0.00002546,
138oyZbc2hujAxdGyb7HaQtT66LuptFdz9,1,320643,2017-07-15T20:54:48Z,spend −421 sats,0.03502800,0.00002800,
139YrtXS2J1KiD8pf2R3RtKRPr8sLwLuiq,1,296680,2017-07-15T20:54:48Z,spend −421 sats,19.09331573,0.23791408,
13CWujDi4g6DWB9bWDXT3TfRU635NPJdPF,1,175910,2017-07-15T20:54:48Z,spend −421 sats,0.07502567,0.00002567,
13GXRxeyR9UTDQojZYv9NZ1j3VA6Butc9U,1,179235,2017-07-15T20:54:48Z,spend −421 sats,0.04502608,0.00002608,
13Ga3CBVjVP86nuGPY85yYA8nEjU1hHzk5,1,330477,2017-07-15T20:54:48Z,spend −421 sats,0.18895054,0.00002818,
13ds2bCrxe68w8WD4R7bWSjGq4uK7XbzWH,1,175772,2017-07-15T20:54:48Z,spend −421 sats,0.07502556,0.00002556,
13ikC8398HhciFWkqPCrRHWUBASGxhBY4m,1,296155,2017-07-15T20:54:48Z,spend −421 sats,1.57550175,0.41126571,
13oCG1VNMAGtNp9RcAmUieRf8NayAJ7xj7,1,175682,2017-07-15T20:54:48Z,spend −421 sats,0.07502536,0.00002536,
13tRCNGCGuVN4gYyf6CpfYckhM3qrJy9YX,1,297164,2017-07-15T20:54:48Z,spend −421 sats,1.01971054,0.00002774,
143CugrdSngLmDaLWoLrWJzb4AU1xLMqoY,1,175753,2017-07-15T20:54:48Z,spend −421 sats,0.07502550,0.00002550,
1474VSJVhwN6vUpdrkRy2G1YA3DZ89k8nF,5,320385;320411,2017-07-15T20:54:48Z,spend −421 sats,0.05202794,0.04302794,
1494Wwkf8QN4nC3gSYz3qjZVNuVZSHw2zi,1,175917,2017-07-15T20:54:48Z,spend −421 sats,0.07502569,0.00002569,
14Bgi1c11HBcj7krN5tRepMdL3SPghEaMM,1,296095,2017-07-15T20:54:48Z,spend −421 sats,0.90390003,0.12822187,
14FguDL7teNFCctazjUxCxCfZtssycq11h,1,175796,2017-07-15T20:54:48Z,spend −421 sats,0.07502558,0.00002558,
14ih1qxbcFmwLm8Hc7qTr3BhzdmWTWRmpC,1,178784,2017-07-15T20:54:48Z,spend −421 sats,0.06002590,0.00002590,
14kaXa47cUcMpvKnCa8zr38C9v7sVPxSta,1,296188,2017-07-15T20:54:48Z,spend −421 sats,0.03019778,0.00308918,
14uS988CkkfTs7Ckre8nkVedSQF9v4CqrM,1,296584,2017-07-15T20:54:48Z,spend −421 sats,6.40836347,1.74598147,
154nELZtftuW951oQY7erHnN4L196c98Wp,1,178810,2017-07-15T20:54:48Z,spend −421 sats,0.06002594,0.00002594,
1599DB5Tb1RWDPYMuU3YJT3jRwyyoPZa1B,1,296115,2017-07-15T20:54:48Z,spend −421 sats,0.27211684,0.13126444,
15E8CUjvHDVj8mBzhkNHErXtz4AeEHycpH,1,175719,2017-07-15T20:54:48Z,spend −421 sats,0.07502543,0.00002543,
15Ew6Sen8hVhTfLmXvAEEqGfX58iYWqEV5,1,297156,2017-07-15T20:54:48Z,spend −421 sats,0.04125573,0.02004393,
15mcUhVMi3KmoWvP6Y8NpVaXaPVGCWztgL,1,296405,2017-07-15T20:54:48Z,spend −421 sats,0.12411235,0.10472635,
15p65cNbtB3bQYf9GB78edRo5Ppux3uaU3,1,226969,2017-07-15T20:54:48Z,spend −421 sats,0.05102632,0.02102632,
1681LkMDLNw6CCjUrMojRKC8BaiwQ2LTFt,1,296115,2017-07-15T20:54:48Z,spend −421 sats,41.43104389,41.16704069,
16BRGk8CF3v6673krsyh7h2rBvzjK6zChr,1,320443,2017-07-15T20:54:48Z,spend −421 sats,0.00028899,0.00008899,
16He3EDsvTKYRSQGsZeoooTbYAjy9fiLoQ,1,175792,2017-07-15T20:54:48Z,spend −421 sats,0.07502557,0.00002557,
16LEKMzhabDoTghR2no3a59SJQC6MJp2aM,1,296919,2017-07-15T20:54:48Z,spend −421 sats,3.53235870,0.01979310,
16NMGWRavnYG5bhWzY8GAXWiTZLytpT4v7,1,296292,2017-07-15T20:54:48Z,spend −421 sats,0.01483552,0.00054412,
16TyA92oVydTHzbrMcqDdxjDzx6wJXXUGL,3,320714,2017-07-15T20:54:48Z,spend −421 sats,0.00402801,0.00002801,
16UkUnbqW8PXRrwgxRdb2UTivbgNnBYqwC,1,178426,2017-07-15T20:54:48Z,spend −421 sats,0.07502583,0.00002583,
16khUbFwUK6X7U5X919RJeWyfBHSLfJMda,1,296039,2017-07-15T20:54:48Z,spend −421 sats,0.09010193,0.00110933,
16vHYDZCLZiD97TucWr5Wht9zBA7JJmuF5,1,296250,2017-07-15T20:54:48Z,spend −421 sats,0.08158107,0.02447907,
17Lq1nrktyEFV3AVPAbsbDXWuWoUNMhws8,1,182973,2017-07-15T20:54:48Z,spend −421 sats,0.03002624,0.00002624,
17SP6Qc3fP3zUWFkfRrwY3TF3a6eQ3NsZr,1,297065,2017-07-15T20:54:48Z,spend −421 sats,0.52842652,0.00002759,
17Vjk88w6fy5YRVUGD6Aa9w545UA6K4tYZ,1,178581,2017-07-15T20:54:48Z,spend −421 sats,0.07502587,0.00002587,
17Vxv31VfpFY6tWBBB93tcSgP4SYeqzTTb,1,296555,2017-07-15T20:54:48Z,spend −421 sats,1.54839254,0.25793536,
17W7yfXJa1RtQ2zznD6ieoAY7e9SeZnogM,1,361453,2017-07-15T20:54:48Z,spend −421 sats,0.08000190,0.00502824,
17gDnz5TU8T16Pgzo93M7Dm1j5HS3UuS2Q,1,175618,2017-07-15T20:54:48Z,spend −421 sats,0.15002524,0.00002524,
17quWZhtGikUcTUpExchL6UdFga6Z8hME9,1,296162,2017-07-15T20:54:48Z,spend −421 sats,0.04053602,0.00387452,
17sDdDiW2dNRQvTu2NkwwCbfXNFxVCpbZW,1,178810,2017-07-15T20:54:48Z,spend −421 sats,0.07502593,0.00002593,
17xnTfrWYiLMhEQmW55VCa5cVhSZMVUak6,1,297148,2017-07-15T20:54:48Z,spend −421 sats,0.03872471,0.01773011,
181ErGfBCT7twckweWJgoDMGXNepvb4qnp,1,297043,2017-07-15T20:54:48Z,spend −421 sats,0.33854753,0.00002755,
187TT5PpAKGHRBGjdaKDZsgBH1s8yNCtS4,1,297148,2017-07-15T20:54:48Z,spend −421 sats,0.03872472,0.01773012,
18KZdcnGaqaXnHiRPb8rVGCztyA4jJPKtS,1,179253,2017-07-15T20:54:48Z,spend −421 sats,0.04502614,0.00002614,
18NLtFxkAT5FiYuE7yax9HrGgfCesJvVw7,1,319197,2017-07-15T20:54:48Z,spend −421 sats,0.08942539,0.08842539,
18RecXQxH8xuqS1zNgrukvPybDtc3Mn4br,1,296540,2017-07-15T20:54:48Z,spend −421 sats,0.48366700,0.00032720,
18SEPGaZ3xdHiH2hkSdPgkYdnvzPr6PZYS,1,296715,2017-07-15T20:54:48Z,spend −421 sats,0.09290890,0.06834870,
18U2grD3VwFa626tkTnabXSY2nVQAvmf3U,1,296341,2017-07-15T20:54:48Z,spend −421 sats,0.94779595,0.72491535,
18W9kV7SqNPnvcbZRzM34aE14m5tFmAuz5,1,297164,2017-07-15T20:54:48Z,spend −421 sats,0.73217770,0.00002776,
18djF84ZNVURvFUX2ZAVaFqV9MerjJkQtE,1,296685,2017-07-15T20:54:48Z,spend −421 sats,0.03502739,0.02502739,
18mEp3aKQ9thp3H72rrzHAfW719YmHq2f7,1,296124,2017-07-15T20:54:48Z,spend −421 sats,0.06320815,0.00032670,
18zg6FG5pu8Bpq73L54AYvB8phTw3qCCR7,1,418520,2017-07-15T20:54:48Z,spend −421 sats,0.08663527,0.03694227,
199EPbUzU6mBr7dP61ihWsicuJyeYbJviS,1,296040,2017-07-15T20:54:48Z,spend −421 sats,0.56636098,0.00748780,
19DcmnrhqpLgn8L6Exay1sJiKZPtYUAw1Y,1,178393,2017-07-15T20:54:48Z,spend −421 sats,0.07502580,0.00002580,
19SEF1R8t2iL8jCuv2PeuWa3bwMvLRKNZZ,1,338859,2017-07-15T20:54:48Z,spend −421 sats,2.00002823,0.00002823,
19SnxcsSYsXHeZ1NLDKHfuFddU7kLiZKmE,1,271422,2017-07-15T20:54:48Z,spend −421 sats,3.22270750,1.54101081,
19ipZSpE6xF2ER7EpLpv6BuamW221hGUFm,1,329490,2017-07-15T20:54:48Z,spend −421 sats,0.00602815,0.00002815,
19mYNemRLW6WtfZhZDZNXsMZNUnT4BT7Yd,1,321251,2017-07-15T20:54:48Z,spend −421 sats,0.00092803,0.00012803,
19qnLpn9it7csR9sEay1XrFyfAmUNoXYk4,1,252474,2017-07-15T20:54:48Z,spend −421 sats,5.57660479,0.79511534,
19vokfKSJJMwHAqQ3Kehk8Gq5drXhi7wzU,1,296076,2017-07-15T20:54:48Z,spend −421 sats,7.41049654,2.45625503,
1AApKu3su7VT9K1hgyxp3pcp2DSNC5V9s3,1,296558,2017-07-15T20:54:48Z,spend −421 sats,0.00571029,0.00151029,
1AGCK1JM7pEu5r4g5yRiezXhn83TPGaWEh,1,296391,2017-07-15T20:54:48Z,spend −421 sats,0.03699481,0.00032701,
1AKE18rv9BUPpxciQziTjQzwNQoMSrvQaV,1,296413,2017-07-15T20:54:48Z,spend −421 sats,0.08120369,0.07886069,
1APTR5vhkknNZ1F4jpBxqUKpgh2E2hPpkg,1,312799,2017-07-15T20:54:48Z,spend −421 sats,0.04942788,0.02065613,
1AX5hvrNXTs8KnDVBSRwHPHg5iQ5fyb8rs,1,296420,2017-07-15T20:54:48Z,spend −421 sats,0.10128964,0.08110044,
1AgVauV4U1tt3KbRiehht56NoZeKprLUXe,1,178939,2017-07-15T20:54:48Z,spend −421 sats,0.06002601,0.00002601,
1AjwULXBv9TeVjADC3khcP69USBGRXYUpd,1,297261,2017-07-15T20:54:48Z,spend −421 sats,0.01444435,0.01270675,
1ArJ9vRaQcoQ29mTWZH768AmRwzb6Zif1z,1,296988,2017-07-15T20:54:48Z,spend −421 sats,1.05632752,0.11552752,
1AsEhnbniTP4YSA8L1Xa1uQjfSfHbb8tzJ,1,296707,2017-07-15T20:54:48Z,spend −421 sats,0.03242854,0.00002734,
1AsbDvSw2rzEa39erkCrMW6KTr4tDHGSAH,1,296555,2017-07-15T20:54:48Z,spend −421 sats,0.09773245,0.04477971,
1Asfz56unNm1c527p3ENavRqecShQyxHeN,1,296783,2017-07-15T20:54:48Z,spend −421 sats,0.16968476,0.06253792,
1AwmAh799Urgqcy6mrwTtK9gqTGe1QVoKq,1,421992,2017-07-15T20:54:48Z,spend −421 sats,0.00147828,0.00102828,
1AyTNQRvz6fo7EvebGpKfJB7jJeppxY4yc,1,178437,2017-07-15T20:54:48Z,spend −421 sats,0.07502584,0.00002584,
1B8vhS5umMNKvwQFHJ3Hgres4NJeoe8U7Y,1,178393,2017-07-15T20:54:48Z,spend −421 sats,0.07502581,0.00002581,
1B9FoQWdPift6CUXUs6K82TZxaTyHpTUnC,1,296197,2017-07-15T20:54:48Z,spend −421 sats,0.00203537,0.00070097,
1BYuQ21smrF1hKfmHPsDnJkWZZdEpBFLZo,1,296580,2017-07-15T20:54:48Z,spend −421 sats,29.05583078,0.00042726,
1Bn1n2N9Z3Xhnxd3b6ViNMstg7oGjh8XAa,1,296033,2017-07-15T20:54:48Z,spend −421 sats,14.47008724,2.40231978,
1BwrmTmhnp6K6Shbq5zQQqGqnsfXsunsqE,1,296095,2017-07-15T20:54:48Z,spend −421 sats,0.58188800,0.12652265,
1C3G6y8Cyi7ECDaaDhG34sLzrv1dd7Xo33,1,175917,2017-07-15T20:54:48Z,spend −421 sats,0.07502570,0.00002570,
1C4YepY3K1gDrRiQ5E9rgaJuXvrawxXMJG,1,296239,2017-07-15T20:54:48Z,spend −421 sats,1.21192553,0.00090962,
1C9LC2K7ztAE6FjXHdVGcUk1zzwycPV2YN,1,322452,2017-07-15T20:54:48Z,spend −421 sats,0.11504158,0.00002808,
1CAsRJ5Z9CXdhBwxrCVrf8kJNPBxYQJiH1,1,296650,2017-07-15T20:54:48Z,spend −421 sats,1.95094012,1.14530292,
1CFVxqxX3i9L9dm6Gw2QKJ2fH18HSJ9H8k,1,175749,2017-07-15T20:54:48Z,spend −421 sats,0.07502548,0.00002548,
1CLfNqGBb949bBbMgefRPkDVgpgyEgWRF,1,297158,2017-07-15T20:54:48Z,spend −421 sats,0.03748687,0.01649227,
1CNHzFKNCkCwYecVUfmahmqDFrn5uuRzsU,1,175772,2017-07-15T20:54:48Z,spend −421 sats,0.07502555,0.00002555,
1CPzjQTH5vNADXQGeCfHtRgX8S5xMLGMr4,1,296448,2017-07-15T20:54:48Z,spend −421 sats,7.49102711,2.99372711,
1Cbw9MZ8Vrfkzv1FxuJS5JBySbypuMARQj,1,296403,2017-07-15T20:54:48Z,spend −421 sats,0.03833342,0.01929362,
1CgEzXmF7SeNr8rd2AfyN1DQNJpprVxWmW,1,296720,2017-07-15T20:54:48Z,spend −421 sats,0.40700903,0.33309133,
1CjKefUiRhK5hWf79MoJqccHC1ohye7SWr,1,296095,2017-07-15T20:54:48Z,spend −421 sats,0.40425139,0.06053747,
1CozShbCQwFqa3iw2AUE3zn7Pp1f3HR3D,1,175674,2017-07-15T20:54:48Z,spend −421 sats,0.07502534,0.00002534,
1CpV2F9YASreNrBGf1E8QgFgKdqYQopzGH,1,296848,2017-07-15T20:54:48Z,spend −421 sats,0.16456325,0.09354065,
1CtgapxmS4CRLCNFGTbidAqfk9WNdR2kdn,1,297164,2017-07-15T20:54:48Z,spend −421 sats,0.81971055,0.00002775,
1DEsbC42Je7psYeaE2mbWNUpSEFTL9aQUs,1,297164,2017-07-15T20:54:48Z,spend −421 sats,1.01971053,0.00002773,
1DHmu7BvzjpQQxbKEuqTU2zSvZmgZBBrne,1,239289,2017-07-15T20:54:48Z,spend −421 sats,65.22190729,36.60784559,
1DL21hg5FBLC4h9mXwx9XDbHmUK3BZFCQe,1,296255,2017-07-15T20:54:48Z,spend −421 sats,0.07248086,0.06726806,
1DQK1Xb1gKBRXLi4PEegWCZ1giELgBqhq7,1,178934,2017-07-15T20:54:48Z,spend −421 sats,0.03002602,0.00002602,
1DWhHeTnoZAFPehoM1W6S37hn7nVjZLrQN,1,179687,2017-07-15T20:54:48Z,spend −421 sats,0.04502618,0.00002618,
1DY5YvRxSwomrK7nELDZzAidQQ6ktjRR9A,1,181161,2017-07-15T20:54:48Z,spend −421 sats,0.03002620,0.00002620,
1DcNJeexQV2kM78AdMKSzmsQ8DeNMHLTJ1,1,175669,2017-07-15T20:54:48Z,spend −421 sats,0.07502533,0.00002533,
1DkDYUTD8guE8mUyfdbZUKU8JUe3nFwSgj,1,333329,2017-07-15T20:54:48Z,spend −421 sats,1.78171749,0.00002821,
1Dka5AAYwdZkrPJZHjKmdZkaVATnwYeSqG,1,175714,2017-07-15T20:54:48Z,spend −421 sats,0.07502542,0.00002542,
1DpyhFtQs3yVM4gSf3KiD9GBxcPaxuQRDT,1,297164,2017-07-15T20:54:48Z,spend −421 sats,1.58928050,1.18974290,
1Dsoi4eggJhipmYZtFGPGBxLX8nguYxiGh,1,297112,2017-07-15T20:54:48Z,spend −421 sats,0.15850182,0.00002762,
1E1rbpZitcZ73JQoLYXB18pDm8BTHVqxtk,1,296471,2017-07-15T20:54:48Z,spend −421 sats,0.00993574,0.00002714,
1E3VGimuXLYyTjKmfH94PZz2zySL2qeVUf,1,320398,2017-07-15T20:54:48Z,spend −421 sats,0.00682798,0.00302798,
1E67dSKMyrEoqfAjSsE1SNpeeau4pmyc5j,1,182987,2017-07-15T20:54:48Z,spend −421 sats,0.03002625,0.00002625,
1E9ffsnXjMnZxmJaqCLXWhqWzKqx1sZXP9,1,175652,2017-07-15T20:54:48Z,spend −421 sats,0.07502529,0.00002529,
1ECvZ9ojebv5TVWySf2roXRP4XyQb5rNCy,1,175642,2017-07-15T20:54:48Z,spend −421 sats,0.03752525,0.00002525,
1EGok6kAbJRrzryXAGyCHRq5c649rhzwJ3,1,296053,2017-07-15T20:54:48Z,spend −421 sats,0.56908729,0.39272169,
1EKJUnK4EE83LdGsCnFPZxgkybyFiTdbMk,1,296995,2017-07-15T20:54:48Z,spend −421 sats,0.00302782,0.00002782,
1EMkFrY86siasW3F9zC2bS1ZcSuTdaiJqj,1,296075,2017-07-15T20:54:48Z,spend −421 sats,1.22841539,0.19336259,
1EMrZVpteoUo1MdPtqzBxDMbLdciBotwVJ,1,320385,2017-07-15T20:54:48Z,spend −421 sats,0.01222059,0.00002795,
1EMxjb3667se6LuqkhRsrBaAScGsx5DMFq,1,296828,2017-07-15T20:54:48Z,spend −421 sats,0.95956302,0.00002742,
1ENrnLCxp9srcWCCE3kQFNqHRGDijespb9,1,175696,2017-07-15T20:54:48Z,spend −421 sats,0.07502541,0.00002541,
1ERkrwB7piTPkD3gm8oXCAcVQ7wrPBiohs,2,320376;320377,2017-07-15T20:54:48Z,spend −421 sats,0.00122791,0.00022791,
1EZtDBBkqkHxRXNSBwTV7HhBbPVvqC8Rte,1,296499,2017-07-15T20:54:48Z,spend −421 sats,1.68037794,1.54941782,
1EkkAMw1K6HKGiou5vNrLBffDtjVAC5HW3,1,296193,2017-07-15T20:54:48Z,spend −421 sats,0.01590959,0.01196659,
1EqBqwtfJMZERvyckvexLJLuSrqYewCaE3,1,296537,2017-07-15T20:54:48Z,spend −421 sats,16.29319742,16.28457382,
1F5zFtFFMG8KanXHJd4HX2azcANzasuFDQ,1,320396,2017-07-15T20:54:48Z,spend −421 sats,0.00072796,0.00002796,
1F9tB2p9NWsGEt1TjiGAa3WEEGs9Wc779R,1,175929,2017-07-15T20:54:48Z,spend −421 sats,0.07502579,0.00002579,
1FMhAUpVgU2H3n576vUe7vQp94zCkRPnf6,1,296384,2017-07-15T20:54:48Z,spend −421 sats,0.30766364,0.10739528,
1FPDvjzBowCAUAJ72wvPPSxwyHXP5UCZtv,1,333329,2017-07-15T20:54:48Z,spend −421 sats,1.62335535,0.00002822,
1FPSVbypWa7rBWbciKHJ983YWcucBn7aUQ,1,249433,2017-07-15T20:54:48Z,spend −421 sats,21.54545827,0.91895003,
1FPgs8ZaxXUAp61jkd53U7zWj9NQq8yM34,1,178971,2017-07-15T20:54:48Z,spend −421 sats,0.06002603,0.00002603,
1FSmh8gSuPkZTqx6LeH6Jic4iZ1A8BsZ2L,1,296077,2017-07-15T20:54:48Z,spend −421 sats,54.28427685,1.50522900,
1FX2xLHNxcT77bxLZXHzet6e8kMSS53uDK,1,175684,2017-07-15T20:54:48Z,spend −421 sats,0.07502537,0.00002537,
1FY4Ny2ZTvDGDHshB1Rpp5Di9x6Q9GVd5a,1,175642,2017-07-15T20:54:48Z,spend −421 sats,0.07502526,0.00002526,
1FYXLjfFJ1qsngiArLsrBVEGRaKkV15FGV,1,175919,2017-07-15T20:54:48Z,spend −421 sats,0.07502571,0.00002571,
1FaapwdwYVVBiV6Qvkis88c2KHPoxX1Jb1,2,321456;321459,2017-07-15T20:54:48Z,spend −421 sats,0.00124794,0.00082805,
1Fcj89eqk1xCe6PqkMpaUuWCaK7MUXeYbZ,1,175923,2017-07-15T20:54:48Z,spend −421 sats,0.07502574,0.00002574,
1FxWoGvwzjWGKk69vFumyoBaUCqzsndVck,1,175646,2017-07-15T20:54:48Z,spend −421 sats,0.07502527,0.00002527,
1FyQtBr9ub8FhKGDcgW2uAbU6cHYuNmBk3,1,296416,2017-07-15T20:54:48Z,spend −421 sats,0.04958831,0.00276103,
1G3BjSLWsWH6tbPYs29fYMYaz9k8EStQM,1,175915,2017-07-15T20:54:48Z,spend −421 sats,0.07502568,0.00002568,
1G4TqNcKTRRuQ3brQSv85Fohf3jQiaGAbL,1,179325,2017-07-15T20:54:48Z,spend −421 sats,0.04502616,0.00002616,
1GFR75GkzWZW52D9y3jViQxUn8awzHT9fE,1,329400,2017-07-15T20:54:48Z,spend −421 sats,1.82376096,0.00002814,
1GNvTWNZM48QA44QmbVjxXhQ7hmJDicxec,1,296445,2017-07-15T20:54:48Z,spend −421 sats,0.03141970,0.02053370,
1GTFFqbHGp6xwcKVmLkbLqHiauUbKT7jxs,1,225430,2017-07-15T20:54:48Z,spend −421 sats,0.01032633,0.00812633,
1GrS1FqJBtECfWB62fdorHdrLvZAE9XGhx,1,375350,2017-07-15T20:54:48Z,spend −421 sats,0.00112825,0.00072825,
1GvhZ6FewuuyYwZ9cPWd614Gu6UhWacrDY,1,296693,2017-07-15T20:54:48Z,spend −421 sats,0.00692738,0.00082738,
1GysfXJbf5FREeJetrwuANNZi8pcz4n1v6,1,175661,2017-07-15T20:54:48Z,spend −421 sats,0.07502532,0.00002532,
1HAEJNWN7johTEiooRau7F6NFvHnBDXHzh,1,296258,2017-07-15T20:54:48Z,spend −421 sats,3.35156281,0.01428973,
1HMYjeeZf4qq9L9WZRaBKnNjsP1bSLsuMs,1,296814,2017-07-15T20:54:48Z,spend −421 sats,2.33811021,0.01941021,
1HW45VWikPEoijyKtguggMEJ5CnsS78ESf,1,296591,2017-07-15T20:54:48Z,spend −421 sats,0.28726490,0.00995430,
1HWEyVbuyPmXfR9eBnrh4v2Npjnp9UJQCw,1,179039,2017-07-15T20:54:48Z,spend −421 sats,0.06002606,0.00002606,
1HXSnvNGK8oYQCyLDkpHNZ2sWPvFsYQcFU,1,140296,2017-07-15T20:54:48Z,spend −421 sats,0.29002522,0.19002522,
1HackfRHUGxpDAXmBRMeFZYHQ7AMrisgQ9,1,323166,2017-07-15T20:54:48Z,spend −421 sats,0.02328809,0.01334809,
1HfjrpJLP5SaPRFzYUxrzhppw6xv6GXZ6f,1,296595,2017-07-15T20:54:48Z,spend −421 sats,0.51380919,0.00002731,
1HmJh2b8iS64WgX5snSzKYrNXqbnKkuBvE,1,184903,2017-07-15T20:54:48Z,spend −421 sats,0.03002627,0.00002627,
1Hu5wfuk9nHuYDpdX6FjQrU1NYvpUS8r6t,1,296116,2017-07-15T20:54:48Z,spend −421 sats,0.03090247,0.01497667,
1Hz9dJmCcaFP97qbhMgZYtE8uA8M5vBVJs,1,332646,2017-07-15T20:54:48Z,spend −421 sats,0.00964121,0.00002819,
1JBQuaGhGoRuL5ZChK4dD8Tm87gqyBA4Qt,1,330476,2017-07-15T20:54:48Z,spend −421 sats,1.34796165,0.20360227,
1JCMAUG9P8X4PHM7rF4ywDFHaAK2FMRrkN,1,175741,2017-07-15T20:54:48Z,spend −421 sats,0.07502545,0.00002545,
1JHL7mbGq64heFnJA8i2QVm18p4TQ1kf9M,1,296346,2017-07-15T20:54:48Z,spend −421 sats,0.04680657,0.02678937,
1JNMvqdUYP9eDR3mEkxxCne4BYabc93Nwh,1,184947,2017-07-15T20:54:48Z,spend −421 sats,0.03002628,0.00002628,
1JZ5NjZCDrnj84mZnv2fuAmAb7w4v5LiEu,1,175689,2017-07-15T20:54:48Z,spend −421 sats,0.07502540,0.00002540,
1JjcWuJDRNkw3XcMfE7khhRg1UCxU8eKua,1,175923,2017-07-15T20:54:48Z,spend −421 sats,0.07502573,0.00002573,
1JmMcWWy1mFuubbsBRPuVXdjFdtM2ENJXE,1,178554,2017-07-15T20:54:48Z,spend −421 sats,0.07502586,0.00002586,
1JnqZ6Djhncs9YHe74CbkLaXXAbA1phsTU,1,178448,2017-07-15T20:54:48Z,spend −421 sats,0.07502585,0.00002585,
1K5CgovB1c4vX22MvUq8cfRsuctG86Jmx5,1,175891,2017-07-15T20:54:48Z,spend −421 sats,0.07502563,0.00002563,
1K8fu7jfjuKS28YrA2rSCy7fkZhNvcab5p,1,296418,2017-07-15T20:54:48Z,spend −421 sats,0.00777547,0.00400667,
1KEETmUsogXrmH11ym4hcdLeyMcSFaM7SE,1,321911,2017-07-15T20:54:48Z,spend −421 sats,0.00302806,0.00002806,
1KJERjQwXx8ojrKRSPFKwkCct1aAkyHgnF,1,296532,2017-07-15T20:54:48Z,spend −421 sats,18.80183315,10.81582078,
1KS7abb8CrqrSizfyPXkcRocYejZQ332xM,1,296305,2017-07-15T20:54:48Z,spend −421 sats,1.16779398,0.00002693,
1KiAVfFJH9EU29C9H9p2SBnrkfzrgrRRCe,1,296127,2017-07-15T20:54:48Z,spend −421 sats,2.46987622,0.00032671,
1KojFMcdHzDndhfqPxb5CnXeB1R5u9nnxG,1,296257,2017-07-15T20:54:48Z,spend −421 sats,3.77018308,0.01013228,
1KpxMLLmEhaqoUXN1hfq8fci4z7p593HsV,1,296208,2017-07-15T20:54:48Z,spend −421 sats,0.00262680,0.00077520,
1KvvnDBRtHFZdE9ngqGWV5VGznFgXuF1fd,1,296844,2017-07-15T20:54:48Z,spend −421 sats,0.02775004,0.02692424,
1Kzf3YptWEMwDHF1nmVpMbs3jSvWjWdSbR,1,296832,2017-07-15T20:54:48Z,spend −421 sats,0.23828443,0.11805003,
1L1ninSTZuqp2cXdsSxT62QyTfoheVsCxv,1,320381,2017-07-15T20:54:48Z,spend −421 sats,0.00039590,0.00019590,
1L9a8dXMgq2xWV1zaDUGje2FAbzCG18QQh,1,244598,2017-07-15T20:54:48Z,spend −421 sats,6.92228092,1.62407321,
1LCnNsa2pxbZCsVdRoNqLGFcULbrEFL4i1,1,297153,2017-07-15T20:54:48Z,spend −421 sats,0.46966903,0.00002765,
1LKVE8ys5rep3LbELC3fhfCRWXQiEi7hpv,1,296213,2017-07-15T20:54:48Z,spend −421 sats,0.01662783,0.00002783,
1LWDzisQtETsxk6N8QNa1KuUSiYtmmfa5A,1,296982,2017-07-15T20:54:48Z,spend −421 sats,3.72158230,1.73883160,
1LhA9wbU4enUCT8EVorxeJegQtkZcyr7m6,1,296861,2017-07-15T20:54:48Z,spend −421 sats,0.28769046,0.26669586,
1LnBTt9TYRMt4aABcDYSoaMQ9jV8Qgajkx,1,178886,2017-07-15T20:54:48Z,spend −421 sats,0.06902597,0.00002597,
1Lr9tUFz4mypFzc3PYitgGU1dTg21ubM9p,1,175891,2017-07-15T20:54:48Z,spend −421 sats,0.07502562,0.00002562,
1LrUd8tr5TD3UvD4KZaiNcAxmFveCw5h27,1,296245,2017-07-15T20:54:48Z,spend −421 sats,2.26048463,2.25212243,
1M52izWFApBEuRMqMx4gbr8prABCA9Q9tv,1,296586,2017-07-15T20:54:48Z,spend −421 sats,0.01553588,0.01151868,
1M5edBFjjFJhQhgSuCUQnX3uytcskgnqQB,1,175926,2017-07-15T20:54:48Z,spend −421 sats,0.07502577,0.00002577,
1M7hSnVZniAXrre2SH9qaHvfxgXRAjpMVk,1,296417,2017-07-15T20:54:48Z,spend −421 sats,9.48777653,0.01060029,
1MLQDQQsaHPSPQwp3TJ5YSbffm2EHneaU9,1,297165,2017-07-15T20:54:48Z,spend −421 sats,0.03852458,0.00877618,
1MMMpX4AKhf9JTviWuU7fwnZuTdW78G2Mf,1,296350,2017-07-15T20:54:48Z,spend −421 sats,0.75651616,0.02982999,
1MX1fSzSvTuw3yNgPNE3Ni31kT1DSdeUPC,1,296204,2017-07-15T20:54:48Z,spend −421 sats,0.01801834,0.00032694,
1MmJk1peLVmycqY8Hq6WyZfrK4u1oTvkER,1,296428,2017-07-15T20:54:48Z,spend −421 sats,2.43772006,0.43138246,
1NAddQ2XhM96aGn4yK9naRzxTxe7BbNTLG,1,296144,2017-07-15T20:54:48Z,spend −421 sats,0.40368416,0.32214656,
1NCRgUAgJnzBGcLNX7iQD1d9Cn9ZyKF2PC,1,175657,2017-07-15T20:54:48Z,spend −421 sats,0.07502531,0.00002531,
1NMb6g4rQXHmsaHaiy1iV2Wmn4bTGwxyLT,1,297151,2017-07-15T20:54:48Z,spend −421 sats,0.02915900,0.02703320,
1NR7Bw4XWK3oic9HvgWFProGVzp5jKeqCw,1,296097,2017-07-15T20:54:48Z,spend −421 sats,0.02481824,0.00032684,
1NRtYCGVo2vR7WmYVussK6sVva2wZsYTep,3,230083;230810,2017-07-15T20:54:48Z,spend −421 sats,0.01738234,0.01518234,
1NSLj5xdCyRmMYVtM7bwZxZarYLm6EGZJf,1,185047,2017-07-15T20:54:48Z,spend −421 sats,0.03002630,0.00002630,
1NSnZPRR32mrfAADxNJcPRP647gseqEMyj,1,253074,2017-07-15T20:54:48Z,spend −421 sats,45.94752679,2.21783302,
1NWXH2DE5DTfKWAwABAvFesGXKkyKBUoiN,1,296262,2017-07-15T20:54:48Z,spend −421 sats,2.04197651,0.35096571,
1NeAtszct9Uav81CEr1FGhV4KAaXahdsVF,1,296046,2017-07-15T20:54:48Z,spend −421 sats,0.56561916,0.54419016,
1NjGEKWWrupvbzvEivnfXJpdNdXK5xzdDb,1,296179,2017-07-15T20:54:48Z,spend −421 sats,1.98505828,0.49939808,
1NuSEboWF7YJ3bozo5H1JDpH5yc7zyHZm8,1,178879,2017-07-15T20:54:48Z,spend −421 sats,0.06902596,0.00002596,
1NvfCyqRh6cuh8dCQDJmboriifg1eaYDnV,1,175753,2017-07-15T20:54:48Z,spend −421 sats,0.07502551,0.00002551,
1P3wCaQNk438cXKsC2YYvpecWa6kZKGCKC,1,253223,2017-07-15T20:54:48Z,spend −421 sats,0.00732649,0.00502649,
1P5anXJVbPeXsw4wExuQ8SCBRevRPe8syQ,1,296723,2017-07-15T20:54:48Z,spend −421 sats,0.00902754,0.00202754,
1PCrHhXxS8ZotDvgSA5WxpmtC1qNQchrPr,1,253110,2017-07-15T20:54:48Z,spend −421 sats,0.00372648,0.00132648,
1PEAu3bS7t6ZYKGX77ZJsEKSupGzdR5Kpj,1,296124,2017-07-15T20:54:48Z,spend −421 sats,0.02034389,0.00032669,
1PQwoVNRCiK2J5GNumfpT3qk7KnhKPJ6Ph,1,296393,2017-07-15T20:54:48Z,spend −421 sats,0.04922403,0.03273903,
1PWTFonhiXCdTZ4Nd2J726rqWnNsTVeVMY,1,175688,2017-07-15T20:54:48Z,spend −421 sats,0.07502539,0.00002539,
1PXU5aD3fzgAm2E56o2VSaHpVe4bhe3d2m,1,175764,2017-07-15T20:54:48Z,spend −421 sats,0.07502553,0.00002553,
1Pbt1LGM2JNgMjtnEscEmntsSrcYofeaoa,1,178804,2017-07-15T20:54:48Z,spend −421 sats,0.06002591,0.00002591,
1Pde4CbEitkdPiwwKvd6s3znWw7EXZMYjD,1,178971,2017-07-15T20:54:48Z,spend −421 sats,0.04502605,0.00002605,
1PnnhfT2frsgAKp2qTGaPBRmBavqg8ubV3,1,324067,2017-07-15T20:54:48Z,spend −421 sats,0.00069003,0.00002811,
1Pq6Ygv3kdMVX2TdNhUSPadxaShiGJUAoS,1,240164,2017-07-15T20:54:48Z,spend −421 sats,20.14575891,1.81541403,
1Q53XVy3gXX55QHonuEfGTDfxNCmnix3qv,1,321278,2017-07-15T20:54:48Z,spend −421 sats,0.00072804,0.00002804,
1QBYgXMTqEQNgoVotQN2iP1sPhHRPEoDHb,1,296080,2017-07-15T20:54:48Z,spend −421 sats,0.14641701,0.01919121,
1QDB2W1VFqinxu5zm4qMGecQTfviBjk3JA,1,296046,2017-07-15T20:54:48Z,spend −421 sats,0.04517077,0.02088577,
1RfEM5WPtboTNnjHN3HR889FyuUx6T14D,1,296980,2017-07-15T20:54:48Z,spend −421 sats,5.27913024,0.00002751,
1ZaRiG4qLj336tKFMZCGPpySoRQsReivv,1,297140,2017-07-15T20:54:48Z,spend −421 sats,0.00402763,0.00051043,
1iuC1ovtbMJQLniEiJtR5obbWvVkmTjiE,1,297061,2017-07-15T20:54:48Z,spend −421 sats,0.05256324,0.00002757,
1kJwZbv3dhUowPyRHcxJMknoJpPYfwaGf,1,175648,2017-07-15T20:54:48Z,spend −421 sats,0.07502528,0.00002528,
1kMEr9W4YeAnzFcuSWwj3ShYGANdLHSxG,1,175749,2017-07-15T20:54:48Z,spend −421 sats,0.07502549,0.00002549,
1ptDzNsRy3CtGm8bGEfqx58PfGERmXCgs,1,296909,2017-07-15T20:54:48Z,spend −421 sats,0.02602784,0.00002784,
1rPAkJSXWgnLFEiCzv3APUFLsi8Kzv3pX,1,183573,2017-07-15T20:54:48Z,spend −421 sats,1.43772626,1.37852626,
1sgNrgAnjMVSzyeMDTeVsKN7FuZy34U5t,1,296527,2017-07-15T20:54:48Z,spend −421 sats,0.00181857,0.00070997,
1yiQRuB3KRxZTrSHBNZK9NdjbyJskHiVs,1,175873,2017-07-15T20:54:48Z,spend −421 sats,0.07502560,0.00002560,
1PnKMEmrCYD8yFvt4Uo3yYULM7eg82rRth,1,454362,2017-02-23T19:55:31Z,"spend −100,000 sats",0.00100000,0.00000000,
1ExzweL4iKUbY5FcodQHjMrBbUpTNcapFe,1,448931,2017-01-19T21:06:28Z,"spend −90,000 sats",0.00285000,0.00090000,
19iAvuzfb8uH2SZLYcbb5wtbBZdn1o3vRm,1,446933,2017-01-15T10:17:38Z,"spend −1,287 sats",0.00210861,0.00000000,
1LN4yp6rQALjwg53SKsi44teq1fp2v5wqR,1,434210,2016-10-21T13:08:00Z,"spend −2,455,459 sats",136.35538785,0.10375870,
14L6gBjYuEQedxPvedy5em2twMbVhrnKgB,1,421992,2016-07-26T09:48:16Z,"spend −100,000 sats",0.00300000,0.00100000,
1NaM3Pra49oEDPGUXggUsRqbBXGG6nwyQM,1,421995,2016-07-26T09:48:16Z,"spend −147,840 sats",0.03587840,0.03387840,
15H2KonySkJDtQqNQhfLGavq9TuNoMgiEN,1,364929,2015-07-13T16:59:20Z,"spend −1,000 sats",0.08617000,0.02002000,
17wrWbLWvyTk8ubNPePkb2oX2Z1Ab7yXwW,1,333319,2015-02-21T19:43:32Z,"recv +9,459 sats",4.47246422,0.03061368,
13ZHXhc68QVZhdG2ogopETX19oW27XS2c9,1,343914,2015-02-17T17:13:10Z,"spend −4,000,000 sats",0.09000000,0.00000000,
1LT8zYr6WW5zcnWiYr5gbLT621rPhPGyP2,3,333321;333322;333326,2015-02-11T17:29:22Z,"spend −24,027,960 sats",111.27148623,12.35391040,
1AYPdBcExuMBbTxvCh1EzSDi7vfQ8YvPvo,1,339032,2015-01-15T09:11:58Z,spend −1.00000000 BTC,3.00000000,0.00000000,
1JvwbtbvQTpALtBT2mPU6XwGGkTyUzoCqG,1,333326,2014-12-13T02:36:52Z,"spend −28,370 sats",0.28456706,0.28456706,
1PR8W2TrNwk4rKMfZ8JsonLgqgZEJ68Joy,1,333321,2014-12-08T00:51:43Z,"spend −40,000,000 sats",5.52417504,5.04813577,
1EAMRRSLsfuWQswYH7uvv7FgFQHAoiYzCM,1,330477,2014-11-23T20:44:50Z,"spend −61,584 sats",0.11435865,0.05649954,
12upHJbTeWwN5YhyHsM5h2EB4hCFfpZoQd,1,331108,2014-11-22T09:48:05Z,"spend −11,674,901 sats",0.76781600,0.00000000,
1FCpHq81nNLPkppTmidmoHAUy8xApTZ292,1,330477,2014-11-18T03:26:31Z,"spend −24,621,246 sats",1.56534788,0.24621246,
1EdXJJyJfds2PxBGNtUh18VQsoapo9SAG3,1,329756,2014-11-13T11:50:54Z,"spend −50,000 sats",0.02600000,0.00050000,
1QKhphb9iTi2TwrAPi5kUz8jMpXjGCKUgL,1,329788,2014-11-13T07:33:53Z,"spend −87,100,000 sats",1.95545755,0.00000000,
1GgHEbDtwC9cFT5Eg4RhBsnQDcDfU4EZd,1,324319,2014-11-12T14:19:18Z,"spend −3,848 sats",0.00187297,0.00003848,
16mdTLFDoSzcwbvPJS7Wm5rGJF5dnSDBRF,1,329578,2014-11-11T17:33:23Z,"spend −94,500,000 sats",2.83500000,0.00000000,
13KnWXcg9JnzJzzoaqyGABW7hBQjkC6ed2,1,329213,2014-11-09T07:31:35Z,"spend −15,800,000 sats",0.44770000,0.00000000,
1KivXueuzNzWgSKwRZJnS3eAoRtttgcLKg,1,327732,2014-11-04T20:41:19Z,"spend −970,000 sats",1.17910000,0.29950000,
1NpyeFNzGkwzeGsid793TYTSg4NkdLjxjU,1,328545,2014-11-04T19:16:36Z,"spend −100,000 sats",0.00300000,0.00000000,
16FGVgaymsSthFCJYJQyZY1zWEkduBfJVw,1,327437,2014-10-29T02:34:55Z,"spend −1,414,700 sats",0.02832600,0.00000000,
14moQkTRqnYtWPXUP7EwbuwLrfT4HxMb8Z,1,326974,2014-10-25T19:31:15Z,"spend −60,000 sats",0.00160000,0.00000000,
176wZmMt5KwkrnQXDEVypqSy2hwkFS6Zrg,1,326647,2014-10-23T17:31:25Z,"spend −26,043 sats",0.00065107,0.00000000,
1KVYGHFiGYCxgUr97dbhRNzbSjCzCCHSi9,1,326517,2014-10-22T20:28:39Z,spend −1 sats,0.05630002,0.00000000,
1Bg6PgVH6tz3fwoySS6dHPvfjJ3aBoKt97,1,326314,2014-10-21T14:59:47Z,"spend −100,000 sats",0.00200000,0.00000000,
1HsGj85iv22YwhioG7rLGFajbZfe6YhhBZ,1,326121,2014-10-20T04:29:09Z,"spend −100,000 sats",0.00200000,0.00000000,
1GxvWumiCPfkJeZKkPLfCxUnjoY5EHDmHs,1,325743,2014-10-17T16:21:54Z,"spend −25,000 sats",0.00050000,0.00000000,
18mKSFPRgXx4j2qNw1izuaXn2anCyMUndd,1,325376,2014-10-15T20:17:00Z,"spend −67,000 sats",0.37751167,0.00067000,
1AiRCumdLMP8ZieQK1K3pkBs2oYf55womY,1,325246,2014-10-14T06:07:42Z,"spend −51,002,193 sats",1.47002193,0.00000000,
1BW6kvu2wm7k1MWgqizfz3jj2spcUk9FrF,1,325185,2014-10-13T18:48:40Z,"spend −25,000 sats",0.00050000,0.00000000,
13K3k7Qiag1GxJ8YFySJ8jen41HbAFSnCX,1,325183,2014-10-13T18:38:38Z,spend −1 sats,0.00128262,0.00000000,
1817ZWpXpXek7WxvUQ1Seh3jEQ2KSKsRWw,1,323714,2014-10-09T20:18:26Z,spend −1 sats,5.53900001,0.00000001,
1DpLL2SEq5mLriZTCJTrTfQ4DzwhHo4h2o,1,323682,2014-10-09T20:18:26Z,"spend −10,000 sats",0.00210001,0.00030001,
12o6d3LiAQZ8MW3o4hnnZu5VPzQmNqNFN7,1,324311,2014-10-07T19:30:33Z,"spend −94,200 sats",0.00194200,0.00000000,
16CpKTDiwEyn7m7JBTrCps1YVYeWpA1Zh7,1,324299,2014-10-07T17:34:30Z,"spend −100,000 sats",0.00200000,0.00000000,
1GJhrhNqERL1yenToGF7xVA4aHiVFoUCL8,1,322799,2014-09-27T16:55:24Z,"spend −21,000 sats",0.00043000,0.00000000,
1NxmnsHBo3jn8WFPjQh2gEpMxsWg3me4k8,1,322799,2014-09-27T16:55:24Z,"spend −42,494 sats",0.00092494,0.00000000,
13WvPap6R1XjThsKog4r1DNnWUcX5QyuqT,1,322697,2014-09-26T20:26:00Z,"spend −41,582 sats",0.00083164,0.00000000,
1BSbZVFyHcFkhRjVZdXqn1j9yQz7vuGNdL,1,322302,2014-09-24T08:43:26Z,"spend −100,000 sats",0.12561349,0.00000000,
166ghxQy2Xsa4hKzUUPwjyQ3u5YytK7LhQ,1,322108,2014-09-23T01:02:06Z,"spend −100,000 sats",0.00480000,0.00000000,
1AxCq2HcT6m3AaHCzkBFWHQ3VjJN4YC7qH,1,321586,2014-09-19T22:59:59Z,"spend −118,980 sats",0.00237996,0.00000000,
1GLCXPKrey3LbKX6Xaw9Gp4oEmf9J3TNZn,1,321225,2014-09-18T18:44:35Z,"spend −10,000 sats",0.00030000,0.00010000,
12eU5K27hqHQjusTVabcooSrJqSapw7P8T,1,321372,2014-09-18T16:18:25Z,"spend −10,000 sats",0.00080000,0.00000000,
1PYwTzZZhMdaCh1QtU8LY61taUnFhuUMkX,4,321251,2014-09-18T00:45:01Z,"spend −10,000 sats",0.00111989,0.00000000,
1E5dtXc4jF2xkZy24g779RXskdjg9meHtY,1,321248,2014-09-18T00:33:42Z,"spend −100,000 sats",0.02247281,0.00000000,
1KF1mn6tsrMXx6ZUKsrRuQcFJRbQC2v6gy,1,320858,2014-09-15T19:37:42Z,"spend −20,000 sats",0.00060000,0.00000000,
16M78vHPJy9ogBPYxKhW4XNW24kjytngVS,1,320425,2014-09-13T04:50:01Z,"spend −20,000 sats",0.00070000,0.00000000,
1DXTRVgYhNYMMUps6p6yT7up9uMmrK1oZg,1,320398,2014-09-13T01:33:11Z,"spend −10,000 sats",0.00046100,0.00000000,
1LsrgVdarZ4pAWkuhhgTsqnRYQjk9bDN2Z,1,320396,2014-09-13T00:57:27Z,"spend −10,000 sats",0.00086100,0.00000000,
12YNeoUwE17CRMbDC5acVuwDBJqeL7Cbaa,1,320394,2014-09-13T00:49:31Z,"spend −34,300 sats",0.00114300,0.00000000,
15sHK5zexUDbFTzoMqpR9mrpF1t4zSW5Gh,2,320380;320381,2014-09-12T22:17:35Z,"spend −10,000 sats",0.00086797,0.00020000,
1E67TJvv4DXStTXB9Sw6CDcJMEmfPbk7nM,2,320378;320379,2014-09-12T21:57:52Z,"spend −10,000 sats",0.00080000,0.00020000,
14aLSdRD3Uab9aEA43N84beieqbuEPowKu,2,320377;320378,2014-09-12T21:56:03Z,"spend −10,000 sats",0.00100000,0.00020000,
12F6syLiyJCQdmwjWJfdGLWHbbqQVdXvYx,2,320374;320376,2014-09-12T21:37:39Z,"spend −10,000 sats",0.00150000,0.00020000,
1dRkZXogT3ymQtwPxQqsMbhT7MG7kJTV2,2,320373,2014-09-12T21:25:24Z,"spend −10,000 sats",0.00060000,0.00010000,
1MsKGedXd8FtD82tgh4X7Km8edkknfLYTP,1,320357,2014-09-12T18:50:07Z,"spend −9,417 sats",0.00019417,0.00000000,
14tVK2JhEPsZEL7yYzMNXDYQ6dG3FnzzEY,1,300636,2014-05-15T05:00:34Z,"spend −180,000 sats",0.00280000,0.00180000,
19zqrJ8K9LLQJzv5do4Di9GrWi7fAjCwcy,1,296155,2014-04-22T22:26:45Z,"spend −100,000 sats",0.00100000,0.00000000,
1JLFtLxyWMHtyL8m6HvddodkYiNBp5J7i1,1,296236,2014-04-17T02:19:14Z,"spend −100,000 sats",0.00100000,0.00000000,
1D76ha9QoxkUPLxufDoZVEzx6hH3uVJvnZ,1,292730,2014-04-04T14:55:13Z,"spend −10,000 sats",0.00340000,0.00010000,
1HgRa96fuHCde6Rie4nwhaz1hZR694X4wj,1,256124,2013-09-05T14:11:04Z,"spend −2,405,634 sats",0.18445806,0.04938952,
1M7UUR1QhTMwoEiVVWf88Dy4in23RjYdic,1,256117,2013-09-05T06:29:29Z,"spend −30,000 sats",0.00580000,0.00330000,
1GUqD7UATGzbEBrMjweP5GCTQeU51TsZbj,1,179317,2012-05-09T13:26:00Z,"spend −1,500,000 sats",0.04500000,0.00000000,
1ZBRXLZEzSukVDEDDJjtHYmrpkEGH94nS,1,179234,2012-05-08T18:36:27Z,"spend −1,500,000 sats",0.04500000,0.00000000,
16NCxA48LPKdSr5fACPnrLxgkrFnDJAzLp,1,178721,2012-05-05T13:23:49Z,"spend −1,250,000 sats",0.03750000,0.00000000,
1N2aQiQ5LjNQ3C3cKCmHHnnq65RH3zRD9B,1,178426,2012-05-03T14:21:05Z,"spend −2,500,000 sats",0.07500000,0.00000000,
196SL6bZEvBT8A9z46df54zE3rzZfXzwe8,1,175925,2012-04-16T20:01:09Z,"spend −2,500,000 sats",0.07500000,0.00000000,
1J8THH46JdkjiGYLQyPQDHVk4gtftahDUx,1,175921,2012-04-16T19:38:39Z,"spend −2,500,000 sats",0.07500000,0.00000000,
1EFET6LSLabV5KR55XqRzzhQ1rBUGTD1SQ,1,175919,2012-04-16T19:35:02Z,"spend −2,500,000 sats",0.07500000,0.00000000,
1GjDS84eNBx6QQoo7dBddvgYArSttxLYdk,1,175766,2012-04-15T16:08:12Z,"spend −2,500,000 sats",0.07500000,0.00000000,
14RJsWTjq9q2a9tNQSdpxbMaViWoXxRbjt,1,175726,2012-04-15T09:35:53Z,"spend −2,500,000 sats",0.07500000,0.00000000,
1Mjwi2LnE6oz3p8dNFXWgMpAPBs6ZpPPA2,1,175705,2012-04-15T03:33:44Z,"spend −2,500,000 sats",0.07500000,0.00000000,
1Js2D8Fj1AWQ2aB7TMtmJ6rn4bYDFtcjgF,1,175678,2012-04-14T21:38:46Z,"spend −2,500,000 sats",0.07500000,0.00000000,
1GYRDPaCm3hrzUcgfT49w7mcvoQu2Y4MmX,1,175610,2012-04-14T08:52:38Z,"spend −5,000,000 sats",0.15000000,0.00000000,
